# Name,   Type, SubType, Offset,   Size,     Flags
# 16 MB flash, dual OTA slots -- identical layout to all 3 source projects
# (USB Modem / Quectel_EC200U / Quectel_EC200U_USB). 3 MB per app slot
# leaves headroom for the full image and the scratch space delta OTA needs
# while reconstructing.
nvs,      data, nvs,     0x9000,   0x5000,
otadata,  data, ota,     0xE000,   0x2000,
phy_init, data, phy,     0x10000,  0x1000,
ota_0,    app,  ota_0,   0x20000,  0x300000,
ota_1,    app,  ota_1,   0x320000, 0x300000,
